error,correct form,wrong-word error
ab,albert,True
an,any,True
antique-shops,antique shops,True
causes,clauses,True
cites,cities,True
electric,electrical,True
finish,finnish,True
french,france,True
i,a,True
i,it,True
i,my,True
it,i,True
japan,japanese,True
limes,lime's,True
lion,lyon,True
martin's,martins,True
mesdames,madams,True
middle-age,middle,True
must,most,True
new-guinea,new guinea,True
peek,peak,True
pol,pole,True
prime-minister,prime minister,True
sates,states,True
slaves,slavs,True
some,so,True
tames,thames,True
thus,this,True
town-hall,town hall,True
viking-museum,viking museum,True
war,wars,True
wen,we,True
wigs,whigs,True
x-champion,ex-champion,True
a,i,True
a,an,True
a,are,True
a,as,True
a,at,True
a,or,True
a,our,True
a,the,True
a,us,True
ab,obvious,True
abut,about,True
accept,accepted,True
accept,accepts,True
accordingly,according,True
acing,aching,True
acknowledgement,acknowledgment,True
acquire,aquire,True
acquired,require,True
acquired,required,True
act,acting,True
actions,action,True
actions,acts,True
activity,activities,True
acts,act,True
ad,about,True
add,addition,True
adding,added,True
additional,additionally,True
adhere,adheres,True
admire,admired,True
adolescence,adolescents,True
adoptive,adopted,True
adult,adults,True
adults,adults',True
advance,advice,True
advanced,advance,True
advantageous,advantages,True
advantages,adavntage,True
advertising,advertisement,True
advice,advise,True
advice,advised,True
advices,advice,True
advices,advises,True
advise,advice,True
advise,advised,True
advises,advice,True
aeries,areas,True
aero,arrow,True
aeroplanes,airplanes,True
affective,affected,True
after-all,after all,True
afternoon,afternoons,True
afterwords,afterwards,True
against,again,True
agents,agent,True
agree,agreed,True
aids,aid,True
ain't,don't have,True
air,aeroplane,True
air-flight,flight,True
air-hostess,air-hostesses,True
air-port,airport,True
airliner,airline,True
airplane,aeroplane,True
airplanes,aeroplanes,True
alb,able,True
alert,alerted,True
alike,like,True
aliveness,life,True
all,along,True
all,already,True
all,alright,True
all,also,True
allover,all over,True
allowed,allow,True
alone,along,True
along,a long,True
aloud,allowed,True
alumnae,alumni,True
alumni,alumnae,True
always,away,True
am,was,True
ammunitions,ammunition,True
an,a,True
an,and,True
an,one,True
analysing,analysed,True
and,a,True
and,an,True
and,any,True
and,on,True
anding,end,True
anger,angry,True
angle,angel,True
angle,ankle,True
angles,angels,True
angles,angle,True
angry,anger,True
animals,animal,True
announcement,announced,True
announces,announced,True
annoyed,annoying,True
another,other,True
answer,answered,True
answered,answer,True
answering,answered,True
ant,aunt,True
ant's,aunt's,True
anther,another,True
anxiety,anxious,True
any,another,True
any,many,True
anymore,any more,True
anyone,any,True
anything,any,True
anything,everything,True
anything,something,True
anytime,at any time,True
anyways,anyway,True
apartment,compartment,True
apologies,apologized,True
apologises,apologies,True
appearances,appearance,True
appears,appear,True
appears,appeared,True
appose,opposed,True
approached,approach,True
appropriated,appropriate,True
are,and,True
are,area,True
are,does,True
are,has,True
are,has been,True
are,is,True
are,were,True
are,will be,True
are,would be,True
arguments,arguements,True
arises,arise,True
arose,arouse,True
arouse,arisen,True
aroused,arose,True
arr,around,True
arrange,arranged,True
arranged,arrange,True
arrive,arrived,True
arrived,arrive,True
arrived,arriving,True
arrives,arrive,True
arrives,arrived,True
arriving,arrival,True
as,a,True
as,answer,True
as,at,True
as,has,True
as,is,True
as,like,True
as,us,True
ask,asked,True
ask,asks,True
asked,ask,True
asking,to ask,True
aspect,aspects,True
assembly,assemble,True
assembly's,assemblies,True
assistant,assistance,True
astonish,astonished,True
at,a,True
at,actually,True
at,advance,True
at,all,True
at,and,True
at,as,True
at,on,True
at,that,True
ate,eat,True
ate,eaten,True
atom,atoms,True
attacked,attached,True
attended,attending,True
attitude,attitudes,True
attracted,attractive,True
attracting,attractive,True
attracts,attract,True
authorities,authorities',True
authority,authorities,True
av,have,True
awards,award,True
away,a way,True
awhile,a while,True
awoke,awoken,True
awoke,woke,True
b,probably,True
b,public,True
babbles,bubbles,True
baby's,babies,True
back,backwards,True
back-bone,backbone,True
backing,packing,True
bad,badly,True
bad,bag,True
bad-mood,bad mood,True
badly,bad,True
bag,back,True
bagging,begging,True
bake,beg,True
banana,bananas,True
band,bang,True
bard,bad,True
baron,barren,True
barred,bared,True
base-ball,baseball,True
basic,basis,True
basis,bases,True
bath,bathe,True
bathe,bathed,True
battery,batteries,True
bawd,bored,True
bay,bye,True
bay,day,True
bay,pay,True
bayed,payed,True
be,are,True
be,been,True
be,being,True
be,by,True
be,have been,True
be,to,True
beach,beaches,True
beads,bead,True
bean,been,True
bear,beard,True
beat,bit,True
beaten,bitten,True
beautiful,beautifully,True
beautiful,beauty,True
beautifully,beautiful,True
beautify,beautiful,True
beauty,beautiful,True
became,become,True
beck,beg,True
become,became,True
become,becomes,True
becomes,became,True
becomes,become,True
becoming,become,True
bed-room,bedroom,True
bee,be,True
been,be,True
been,being,True
began,begin,True
began,begun,True
begged,begging,True
begging,beginning,True
begin,began,True
begins,began,True
begins,begin,True
begun,began,True
behave,behaved,True
behave,behaviour,True
behaver,behaviour,True
behaves,behaviour,True
behavior,behaviour,True
behaviors,behaviour,True
behaviours,behaviour,True
being,been,True
being,beginning,True
belief,believe,True
believe,believed,True
believed,believe,True
believes,beliefs,True
bells,bell,True
belong,belonging,True
belt,built,True
bended,bent,True
beneficiary,beneficial,True
benefit,beneficial,True
benefit,benefits,True
benefits,benefit,True
bes,belts,True
beside,besides,True
besides,beside,True
bet,beat,True
better,best,True
between,among,True
bi,being,True
bi-election,by-election,True
bicycle,bicycles,True
bicycle's,bicycle,True
bid,bade,True
big,loud,True
big,major,True
billet,built,True
birth,bath,True
birth,birthday,True
birth-day,birthday,True
birthday's,birthday,True
bit,beat,True
bite,bit,True
biter,bitter,True
bitten,beaten,True
bitten,bit,True
bland,brand,True
bless,blessed,True
blew,blown,True
bloke,blocked,True
blooded,bleeding,True
blur,blurred,True
blurred,blurted,True
blushed,flushed,True
boar,bore,True
boarder,border,True
boast,boasts,True
bonding,bonded,True
bones,bonus,True
boor,bore,True
border,bother,True
border,bothered,True
bordered,boarded,True
borders,boarders,True
bore,were,True
bored,bore,True
borne,born,True
borrow,borrower,True
botanic,botanical,True
bottom,button,True
bough,bought,True
bought,bring,True
bought,brought,True
bought,buy,True
bouquets,bouquet,True
bout,bought,True
bout,but,True
boxen,boxing,True
boy's,boys,True
boy-friend,boyfriend,True
boys,boys',True
brake,break,True
braked,broke,True
brakes,breaks,True
branch,branched,True
brash,brush,True
breach,brush,True
bread,breathe,True
break,breaks,True
break-down,breakdown,True
breakout,outbreak,True
breaks,brakes,True
breath,breathe,True
breath,breathed,True
breathe,breath,True
breeds,bread,True
brides,bride's,True
bridge's,bridges,True
brighten,brightened,True
bring,brought,True
brings,bring,True
brings,brought,True
brining,bringing,True
brinks,brings,True
broke,break,True
broke,broken,True
brother,brother's,True
brother-in-laws,brother-in-law's,True
brothers,brother,True
brought,bought,True
brought,buy,True
buck,back,True
budge,batch,True
build,be built,True
build,built,True
built,build,True
bulling,bullying,True
bun,but,True
burdened,a burden,True
burst,brush,True
bus-fare,bus fare,True
bush,blushed,True
business,busy,True
business-trip,business trip,True
busing,bussing,True
buss,bus,True
busying,busy,True
buts,but,True
butterflied,butterfly,True
buy,bought,True
buy,buys,True
by,be,True
by,but,True
by,buy,True
by,bye,True
by,from,True
bye,buy,True
c,shown,True
caffs,cafes,True
caliber,calibre,True
call,called,True
call,cold,True
called,call,True
calls,call,True
calm,calmed,True
calmed,calm,True
cam,came,True
came,come,True
came,comes,True
came,coming,True
came,went,True
can,can't,True
can,canned,True
can,could,True
can,gun,True
can,may,True
can't,couldn't,True
cancel,be cancelled,True
cancel,cancelled,True
canceled,cancelled,True
canceling,cancelling,True
canned,caned,True
cannot,can,True
cannot,could not,True
cant,can't,True
capitol,capital,True
care,car,True
careless,carelessness,True
cares,cars,True
carrier,career,True
carrot,carat,True
cars,car,True
cartoons,curtains,True
carts,cards,True
case,cases,True
cased,caused,True
cases,causes,True
cast,coast,True
caste,cast,True
castle,castles,True
casual,casualty,True
catalog,catalogue,True
category,categories,True
caught,call,True
cause,because,True
cause,caused,True
cause,causes,True
cause,course,True
caused,cause,True
caused,causing,True
caused,cost,True
causes,caused,True
caveman,cavemen,True
ceases,ceased,True
celling,ceiling,True
cells,cellars,True
center,central,True
center,centre,True
centers,centres,True
central,centre,True
cereals,cereal,True
ch,cochlea,True
ch,crash,True
chair,cheer,True
champion-ship,championship,True
chances,chance,True
change,chance,True
change,changed,True
changed,change,True
changed,exchanged,True
character,characters,True
chartering,chattering,True
cheap,sheep,True
check,cheek,True
check,cheque,True
check-in,check-in,True
checked,check,True
cheep,cheap,True
cheep,sheep,True
cheerleaders,cheer-leaders,True
chewing-gum,chewing gum,True
chicken's,chicken,True
chicks,cheeks,True
child,child's,True
child,children,True
children,child,True
children,children's,True
chip,cheap,True
chipper,cheaper,True
chock,shock,True
chocked,shocked,True
chocolate,chocolates,True
choose,chose,True
choose,chosen,True
chopping,shopping,True
chose,choose,True
chose,chosen,True
citizen,citizens,True
citizen,citizens',True
citizens,citizen,True
citizens,citizen's,True
citizens,citizens',True
class-fund,class fund,True
class-mate,classmate,True
class-mates,classmates,True
classic-music,classical music,True
classmate,classmate's,True
classroom's,classrooms,True
cleaned,cleaning,True
cleanness,cleanliness,True
clear,clearly,True
clime,climb,True
close,closed,True
close,enclose,True
close-up,close,True
closed,close,True
closeness,closure,True
closes,closest,True
closest,closely,True
cloth,clothes,True
clothe,clothes,True
clothings,clothes,True
clothings,clothing,True
cloths,clothes,True
cloudy,cloud,True
clouts,clouds,True
cloves,clothes,True
cloves,clouds,True
clumsy,clumsily,True
co-at,court,True
coals,goals,True
coarse,course,True
coast,caused,True
coast,cost,True
coasts,costs,True
cocking,cooking,True
coconut,coconuts,True
coconuts,coconut,True
coincidence,coincidental,True
coincident,concidence,True
collage,college,True
colleges,colleagues,True
colony,colonist,True
color,colour,True
colored,coloured,True
colors,colours,True
colour,calour,True
colour,color,True
colour,coloured,True
coloured,colourful,True
comb,combed,True
combination,combinations,True
come,came,True
come,comes,True
come,commercial,True
come,to come,True
comes,come,True
comfort,comfortable,True
comfortable,comfortably,True
coming,came,True
comings,coming,True
commits,commit,True
committed,commit,True
common,commonly,True
communicate,communication,True
communities,community's,True
companied,accompanied,True
companions,companion's,True
company,accompany,True
comparing,compared,True
complain,complaining,True
complain,complaint,True
complained,complain,True
complaining,complaint,True
complains,complaints,True
complaint,complain,True
complement,complaint,True
complete,completely,True
comprehensive,comprehension,True
compromising,uncompromising,True
con,common,True
conception,concepts,True
concious,conscious,True
conciousness,consciousness,True
condemn,condemned,True
condemned,condemn,True
condition,conditions,True
conditions,condition,True
conduces,conducts,True
conflictive,?,True
cons,concerning,True
conscious,conscience,True
conscious,consciousness,True
consent,concern,True
consent,concerned,True
consider,considered,True
considerations,consideration,True
constructions,contruction,True
contemplate,contemplating,True
contended,contented,True
continue,continued,True
continues,continued,True
contra-revolution,counter-revolution,True
control,control,True
controlled,control,True
conversations,conversation,True
converted,conversed,True
copes,cops,True
coping,copying,True
core,of course,True
corpse,corps,True
correct,correctly,True
correctly,correct,True
cost,coast,True
costed,cost,True
costs,cost,True
costume,costumes,True
costumers,customers,True
couch,coach,True
coughed,caught,True
could,can,True
could,cold,True
countries,countryside,True
country,countries,True
country-side,countryside,True
courageous,courage,True
course,cause,True
coursing,causing,True
cousin,cousin's,True
cousins,cousin's,True
cover-up,cover up,True
covered,covers,True
cowboy-head,cowboy hat,True
created,creating,True
creature,creatures,True
creatures,creature's,True
crime,crimes,True
crime-activities,crimes,True
crime-rates,crime rates,True
crimes,crime,True
criminality,?,True
criminality,crime,True
criminology,crime,True
crises,crisis,True
crisis,crises,True
crocked,crooked,True
crops,crop,True
cross,crossed,True
crossed,cross,True
crowed,crowded,True
crown-jewels,crown jewels,True
crowns,clowns,True
cruise,cruiser,True
cruiser,cruise,True
cruisers,cruises,True
cruse,cruise,True
cry,crying,True
crying,to cry,True
cub,cab,True
culture,cultures,True
cunt,couldn't,True
curios,curious,True
curl,cure,True
currant,current,True
curses,courses,True
curved,carved,True
custom,custom's,True
customer,customers,True
cut,culture,True
cut,cut off,True
cut,gun,True
cuts,cut,True
cycle,circle,True
dag,dug,True
damage,damaged,True
damage,damaging,True
dance,dances,True
dance,dancing,True
danced,dance,True
dang,dug,True
danger,dangerous,True
dangerous,dangerouse,True
dangers,danger,True
daresay,dare say,True
dark-blue,dark blue,True
dark-eye,dark-eyed,True
dashed,dash,True
daughters,daughter's,True
day,day's,True
day,days,True
day's,days,True
days,day,True
days,day's,True
days,days',True
de,die,True
de,the,True
dead,death,True
dead,die,True
dead,died,True
dead-toll,death-toll,True
dear,deer,True
dears,dear,True
dears,deer,True
dears,deers,True
death,deaf,True
death,died,True
debt,debts,True
deceases,decreases,True
decide,decided,True
decided,decide,True
decree,degree,True
dedicative,dedicated,True
deduct,deduce,True
deers,deer,True
def,devices,True
default,fault,True
defect,defective,True
defected,defective,True
defection,defect,True
defence,defense,True
defense,defence,True
defenseless,defenceless,True
defenses,defences,True
deficit,deficit,True
delighted,delightful,True
delightful,delighted,True
demand,demands,True
dentition,detention,True
departmental,department,True
dependant,dependent,True
depended,dependent,True
dependent,dependant,True
depressive,depressing,True
depth,debt,True
descend,descended,True
descendent,descendant,True
descented,descended,True
describe,described,True
desert,dessert,True
deserts,desserts,True
desire,desirable,True
desire,desired,True
despise,despite,True
destruct,destroy,True
destructed,destroyed,True
destructive,destruction,True
detail,detail,True
developed,develop,True
developments,development,True
develops,develop,True
dew,due,True
dialing,dialling,True
dick,dig,True
dicking,digging,True
did,do,True
did,had,True
did,have done,True
did,were,True
did,would,True
didn't,doesn't,True
didn't,don't,True
die,died,True
died,dead,True
died,die,True
different,differently,True
differs,differ,True
difficulties,difficulty,True
dig,diagrams,True
dig,dug,True
diking,digging,True
diner,dinner,True
dines,dimes,True
dinging,digging,True
dinnertime,dinner-time,True
dinning,dining,True
dinning-compartment,dining-compartment,True
dinning-room,dining-room,True
dint,didn't,True
diplomat,diploma,True
diplomat,diplomats,True
dirt,dirty,True
dirty,dirt,True
disappear,disappears,True
disco,discos,True
discover,discovered,True
discover,discovering,True
discovers,discoveries,True
discreet,discrete,True
discuss,to discuss,True
discussed,discuss,True
discussing,discussions,True
diseased,decreased,True
diseases,disease,True
dishes,dish,True
disobeyed,disobeying,True
dispensable,dispensible,True
distinguish,distinguished,True
distract,distracted,True
disturb,disturbance,True
dive,drive,True
diver,driver,True
diverted,divided,True
divides,divide,True
divorce,divorced,True
do,did,True
do,does,True
does,did,True
does,do,True
doesn't,didn't,True
doesn't,don't,True
dog,dug,True
doing,done,True
dollar,dollars,True
dolor,dollar,True
don't,didn't,True
don't,doesn't,True
don't,won't,True
donates,donated,True
done,do,True
done,does,True
donuts,doughnuts,True
dose,does,True
dough,though,True
dozing,dozy,True
drank,drink,True
drank,drunk,True
draw,drove,True
draw,throw,True
dream,dreaming,True
dreamer,dreamy,True
dreamworld,dream world,True
dress,dressed,True
dressed,dress,True
dressed,dressing,True
dressing,dressed in,True
drew,threw,True
drink,drank,True
drink,drunk,True
drinks,drank,True
drinks,drink,True
driver,driver's,True
drove,drive,True
drug-scene,drug scene,True
drugs,drug,True
drunk,drank,True
drunk,drunken,True
drunkard,drunk,True
drunken,drunk,True
duck,dug,True
dummy,dummb,True
dye,die,True
ear,air,True
ear,earn,True
ear,hear,True
earl,early,True
earlier,earliest,True
earning,earnings,True
earns,earn,True
earth,earths,True
ease,easier,True
easer,easier,True
easily,easy,True
eat,ate,True
eaten,eating,True
economic,economics,True
economical,economic,True
educational,education,True
educations,education,True
eduction,education,True
effect,affect,True
effected,affected,True
effecting,affecting,True
effective,effectively,True
effects,affects,True
efficient,efficiency,True
effort,efforts,True
egoist,egotistic,True
eighteen,eighteenth,True
eighteen-years,eighteen years,True
either,neither,True
elder,elderly,True
elder,older,True
elderly,elder,True
electric,electricity,True
electric-shop,electrical shop,True
electricity-holder,electric socket,True
electronic,electronics,True
electronics,electronic,True
eleventh's,eleventh,True
emotion,emotions,True
emphasise,emphasis,True
employers,employees,True
empted,emptied,True
enable,enables,True
enclose,enclosure,True
enclosed,enclose,True
encourage,encouraged,True
encourage,encourages,True
encourages,encourage,True
encourages,encouraged,True
ends,ended,True
enemies,enemy,True
enemy's,enemies,True
enjoin,enjoy,True
enjoy,enjoyable,True
enjoyable,enjoyment,True
enjoyed,enjoy,True
enjoyed,enjoying,True
enjoying,enjoyable,True
enjoyment,enjoyments,True
ensure,insure,True
enter,entered,True
enter,entering,True
entered,enter,True
entering,entered,True
entertainment,entertainments,True
entry,entree,True
envelop,envelopd,True
epidermic,epidemic,True
equaled,equalled,True
equipments,equipment,True
era,air,True
especial,especially,True
especial,special,True
essay's,essays,True
essentially,essential,True
estrange,strange,True
et,set,True
ether,either,True
evenly,even,True
evens,events,True
event,even,True
event,events,True
ever,even,True
ever,every,True
every,ever,True
every-thing,everything,True
everybody,everybody's,True
everyday,every day,True
everyday,everybody,True
everyone,every one,True
everyone,everyone's,True
everywhere,everywhere,True
evolved,evolve,True
exactly,exact,True
examine,examination,True
examines,examinations,True
exams,examination,True
except,accept,True
excepted,accepted,True
exchange,change,True
exchange's,exchange,True
exchanged,changed,True
exchanged,exchange,True
excited,exciting,True
exciting,excited,True
exciting,excitement,True
exhibit,exhibited,True
exist,exists,True
existed,exist,True
exit,exist,True
exited,excited,True
exiting,exciting,True
expansive,expensive,True
expect,except,True
expected,expecting,True
expenses,expense,True
experiences,experience,True
explains,explained,True
explanations,explanation,True
explored,explore,True
explosive,explosive,True
export,exported,True
export,exports,True
expressed,express,True
ext,extra,True
extend,extent,True
extra-ordinary,extraordinary,True
extremest,most extreme,True
eye,eyes,True
eye's,eye,True
eyeopener,eye-opener,True
eying,eyeing,True
face,faces,True
faces,faced,True
faces,phases,True
facet,fact,True
factors,factor,True
factors,factories,True
fade,fades,True
fade,fed,True
failed,fainted,True
fair,fare,True
faithful,faithfully,True
fall,falls,True
fall,fault,True
fall,fell,True
falling,fall,True
fallow,follow,True
false,faulty,True
families,families',True
families,family,True
families,family's,True
family,families,True
family's,families',True
fantastical,fantastic,True
fare,far,True
fare,fares,True
fare,fire,True
farther,father,True
fas,facts,True
fascinated,fascinating,True
faster,fast,True
father,father's,True
fathers,father's,True
favorable,favourable,True
favorably,favourably,True
favorite,favourite,True
faze,phase,True
fear,fair,True
feared,afraid,True
fears,fear,True
feather,further,True
feature,future,True
fee,free,True
feed,fed,True
feel,feels,True
feel,fell,True
feel,felt,True
feeling,feelings,True
feels,feel,True
feels,felt,True
feet,fit,True
feet,foot,True
fell,fallen,True
fell,falling,True
fell,feel,True
fell,felt,True
felling,feeling,True
felling,felt,True
fellow,following,True
fellow-members,fellow members,True
fellowman,fellow man,True
fells,falls,True
fells,feel,True
felt,fallen,True
felt,falling,True
felt,feel,True
felt,fell,True
festival,festivity,True
fewer,fever,True
fiends,friends,True
fifteen,fifteenth,True
fifty's,fifties,True
fighting,fought,True
file,fire,True
fill,feel,True
fill,full,True
filling,feeling,True
find,finding,True
find,finds,True
find,found,True
find,to find,True
finds,found,True
fine,find,True
finely,finally,True
fingerprints,finger-prints,True
finish,finished,True
finished,finishing,True
firm,film,True
firs,first,True
firstly,at first,True
fishes,fish,True
fishing-tours,fishing tours,True
fist,first,True
five,wife,True
fix,fixed,True
fl,fuel,True
flame,frame,True
flee,fly,True
flies,flew,True
flight,fight,True
floor,floors,True
florescent,fluorescent,True
flouting,floating,True
flow,floor,True
flower,flour,True
flu,flew,True
fluctuations,fluctuates,True
fly,flight,True
folks,folk,True
followed,following,True
following,follow,True
followings,following,True
follows,follow,True
font,fond,True
food,foods,True
food,foot,True
foods,food,True
foods,foots,True
foods,woods,True
foodstuff,foodstuffs,True
fool,fooling,True
fool,foolish,True
fool,full,True
foot,feet,True
football-match,football match,True
football-supporter,football supporter,True
footballs,football,True
for,about,True
for,far,True
for,four,True
for,from,True
for,of,True
force,forcibly,True
forces,force,True
fore,for,True
fore-father,forefathers,True
forest,forests,True
forever,for ever,True
forget,forgot,True
forget,forgotten,True
forgot,forget,True
forgot,forgotten,True
form,far,True
form,formed,True
form,forms,True
formal,formally,True
forth,fourth,True
fortnight,fortnight's,True
fortunately,unfortunately,True
forwarder,forward,True
forwardly,forward,True
found,find,True
found,fond,True
found,would find,True
founded,found,True
four,floor,True
free,freed,True
free,freedom,True
frescoes,frescos,True
fresh-air,fresh air,True
fried,friend,True
friend,friend's,True
friend,friends,True
friend's,friend,True
friendly,friends,True
friends,friend,True
friends,friend's,True
friends,friends',True
friends',friend's,True
frighten,fright,True
fro,former,True
from,for,True
from,of,True
frond,front,True
fruit,fried,True
fulfill,fulfil,True
fulfillment,fulfilment,True
full,fall,True
fulling,filling,True
fully,full,True
function,functioned,True
function,functioning,True
gab,gap,True
gain,again,True
game,came,True
game,games,True
games,game,True
gardens,garden,True
gates,guests,True
gave,give,True
gave,given,True
general,generally,True
generation,generation's,True
generations,generation,True
genii,genei,True
gentleman,gentlemen,True
gentleman-like,gentlemanly,True
get,gets,True
get,getting,True
get,got,True
get,had,True
get,have got,True
gets,get,True
gets,got,True
getter,getting,True
ghettoes,ghettos,True
girl,girls,True
girlfriend,girl friend,True
girlfriends,girl friends,True
girls,girls',True
give,are giving,True
give,gave,True
give,gift,True
give,given,True
give,gives,True
given,give,True
gives,give,True
glad,pleased,True
glads,clouds,True
gland,glad,True
glitters,glittered,True
go,going,True
go,good,True
go,went,True
god,good,True
god-bye,good-bye,True
goes,go,True
goes,has gone,True
going,goes,True
going,going on,True
gold,cold,True
gold-hunter,gold-digger,True
golden,gold,True
golds,goals,True
gone,went,True
gonna,going to,True
good,goods,True
good,well,True
good-bay,good-bye,True
good-buy,good-bye,True
good-temper,good-tempered,True
good-week,have a good week,True
goodbye,good-bye,True
got,get,True
got,had,True
got,have,True
govern,governed,True
govern,governing,True
governs,govern,True
grad,grade,True
gradual,gradually,True
grammar-school,grammar school,True
grand-mother,grandmother,True
grandmothers,grandmother's,True
grasses,grass,True
grassing,grazing,True
grate,great,True
grated,grateful,True
graved,engraved,True
greater,great,True
greater,greatest,True
greats,great,True
greens,greenery,True
grieves,griefs,True
grille,grill,True
gripe,grip,True
groove,groovy,True
group,ground,True
grove,grow,True
growing,growth,True
grown,grew,True
grown,ground,True
grows,grew,True
guarantee-card,guarantee card,True
guaranty,guarantee,True
guess,guests,True
guest,guess,True
guest,guests,True
guest-family,host family,True
guiding,guarding,True
guiding,guided,True
gum,gun,True
gush,gust,True
habit,habits,True
habitants,inhabitants,True
habited,inhabited,True
had,hard,True
had,has,True
had,have,True
had,held,True
had,was,True
had,were,True
hadn't,had,True
hair,air,True
hair's,hair,True
hall,whole,True
hallow,hello,True
ham,am,True
ham,harm,True
hand,hands,True
hand-book,handbook,True
handcraft,handicrafts,True
handcrafts,handicrafts,True
hang,hanging,True
hanged,hanging,True
hanged,hung,True
happen,had,True
happen,happened,True
happen,happens,True
happened,happen,True
happened,happens,True
happens,happened,True
happens,has happened,True
happily,happy,True
happy,happily,True
hard,had,True
hardener,hardened,True
hardly,hard,True
hardworking,hard-working,True
hardy,hardly,True
harry,hurry,True
hart,heart,True
harts,hearts,True
has,as,True
has,had,True
has,have,True
has,was,True
has,were,True
hasn't,hadn't,True
hasn't,has,True
hasn't,haven't,True
hat,hate,True
hated,hate,True
hates,hate,True
hatred,hated,True
haunted,hunted,True
have,had,True
have,half,True
have,has,True
haven,have,True
haven,haven't,True
haven,having,True
haven't,didn't have,True
haven't,hadn't,True
haven't,hasn't,True
haven't,would have,True
having,have,True
having,to have,True
hawker,hawker's,True
he,him,True
he,himself,True
he,his,True
he,it,True
he,she,True
he,they,True
he's,he,True
he's,he had,True
he's,his,True
head,heads,True
head-master,headmaster,True
head-ache,headache,True
head-lines,headlines,True
headmaster,headmaster's,True
headmistresses,headmistress's,True
heads,head's,True
heal,heel,True
heals,heels,True
health,healthy,True
healthy,health,True
hear,heard,True
hear,hearing,True
hear,her,True
hear,here,True
heard,hear,True
hearing,hear,True
hearing,to hear,True
hears,ears,True
heart,heard,True
hearth,earth,True
hearts,heart,True
heat,hate,True
heath,health,True
heavens,heaven's,True
heeled,healed,True
height,high,True
heir,their,True
held,hold,True
help,helped,True
helped,help,True
helping,help,True
helping,helped,True
helps,helped,True
hem,him,True
her,here,True
her,his,True
her,it,True
her,its,True
her,nerve,True
her,their,True
here,hear,True
here,her,True
here,me,True
here,sir,True
hereby,herewith,True
hero-warship,hero-worship,True
heroine,heroin,True
hers,her,True
hes,his,True
hesitate,hesitant,True
hi-jacker,hijacker,True
hide,hid,True
high,height,True
high-frequencies,high frequencies,True
high-jacked,hijacked,True
hight,height,True
hight,high,True
him,himself,True
him,his,True
him,them,True
himself,itself,True
hire,higher,True
his,has,True
his,he's,True
his,her,True
his,is,True
his,its,True
his,their,True
historical,historian,True
hit,it,True
ho,who,True
hod,hold,True
hold,held,True
hold,whole,True
hole,whole,True
holidays,holiday,True
home,at home,True
home-country,home country,True
home-work,homework,True
honor,honour,True
honorable,honourable,True
honored,honoured,True
hooligan,hooligans,True
hoop,hope,True
hope,hoping,True
hoped,hope,True
hopes,hope,True
hopped,hopping,True
hopping,hoping,True
horribly,horrible,True
horror,horrible,True
hose,house,True
hospital,hospitals,True
hospitals,hospital's,True
host-families,host families,True
host-family,host family,True
hot,not,True
hour,hour's,True
hours,hour,True
hours,hours',True
house,houses,True
housework,do the housework,True
houseworks,housework,True
how,however,True
how,what,True
how,which,True
how,who,True
human,humane,True
human's,human,True
human-being,human beings,True
humor,humour,True
hundred,hundreds,True
hundreds,hundred,True
hurling,howling,True
hurt,hut,True
hyper-market,hypermarket,True
i,i,True
i,ensuring,True
i,in,True
i,is,True
idea,ideas,True
ideas,idea,True
ignore,ignored,True
ill,bad,True
illness,illnesses,True
imaging,imagine,True
import,important,True
import,imports,True
important,importance,True
impose,imposing on,True
imprisons,imprison,True
improve,improves,True
in,enforced,True
in,impractical,True
in,is,True
in,it,True
in,on,True
in,to,True
in-need,in need,True
in-port,import,True
incidence,incident,True
incidence,incidents,True
includes,include,True
inconvenience,inconvenienced,True
inconvenience,inconvenient,True
inconvenient,inconvenience,True
inconveniently,inconvenience,True
increase,increased,True
increase,increases,True
increase,increasing,True
increases,increased,True
increasing,increase,True
indispensable,indispensible,True
industrialised,industrialized,True
infants,infants',True
influence,influenced,True
inform,informed,True
informations,information,True
inhabits,inhabitants,True
injures,injuries,True
inner,even,True
inquire,inquiry,True
ins,incentive,True
ins,injuries,True
inscription,instruction,True
inspections,inspection,True
instant,instance,True
instituting,institution,True
instruction,instructions,True
instruction-book,instruction book,True
insulated,insulted,True
insure,ensure,True
int,inventiveness,True
intelligent,intelligence,True
intended,indented,True
inter,enter,True
inter-view,interview,True
interest,interested,True
interested,interesting,True
interesting,interested,True
internationals,international,True
interrupt,interrupted,True
into,onto,True
introduce,introduced,True
invent,invention,True
invited,invite,True
invites,invited,True
inviting,invite,True
involve,involved,True
involve,involves,True
is,am,True
is,are,True
is,as,True
is,did,True
is,he's,True
is,his,True
is,if,True
is,in,True
is,it,True
is,it's,True
is,its,True
is,was,True
is,were,True
is,will be,True
is,would be,True
isn't,aren't,True
isn't,wasn't,True
it,he,True
it,hit,True
it,if,True
it,in,True
it,is,True
it,it's,True
it,its,True
it,them,True
it,there,True
it,they,True
it'd,it would,True
it's,it,True
it's,it is,True
it's,it was,True
it's,its,True
it's,its',True
it's,their,True
it's,there was,True
item,items,True
its,his,True
its,it,True
its,it's,True
its,it was,True
its,their,True
its,there were,True
itself,himself,True
itself,themselves,True
jack-in-box,jack-in-a-box,True
jaw-sticks,joss-sticks,True
jean,jeans,True
jet,yet,True
job,jobs,True
journey,journeys,True
journeys,journey,True
joyrides,joy-rides,True
judgement,judgment,True
junks,junkies,True
keeling,killing,True
keep,keeping,True
keep,kept,True
keeps,keep,True
keeps,kept,True
kept,keep,True
key,quay,True
kicked,kicks,True
kill,killed,True
kill,kills,True
killed,kill,True
killers,killer,True
killing,to kill,True
kilometer,kilometre,True
kilometers,kilometres,True
kind,kinds,True
kindle,kindly,True
kindly,kind,True
kn,now,True
knew,know,True
knew,new,True
knifes,knives,True
knight,night,True
knocked-down,knocked down,True
knot,knob,True
know,knew,True
know,known,True
know,knows,True
know,now,True
knowledges,knowledge,True
known,knew,True
known,know,True
knowns,would know,True
knows,knew,True
labelled,labeled,True
labor,labour,True
labour,labourer,True
lady-like,ladylike,True
laid,lay,True
lain,reign,True
lamps,lamp,True
lands,land,True
large,larger,True
last,lasting,True
last,latest,True
last,latter,True
lat,land,True
late,later,True
lately,late,True
latter,later,True
laugh,laughed,True
laugh,laughs,True
laughters,laughter,True
law,legal,True
law's,laws,True
lay,lie,True
laying,lying,True
laze,lazy,True
lead,led,True
lead,led to,True
lean,leant,True
lean,learn,True
learn,learning,True
learn,learns,True
learned,learn,True
lease,least,True
least,last,True
leave,left,True
leave,live,True
leave,lived,True
leave,was left,True
leaved,left,True
leaves,leave,True
leaves,left,True
leaves,lives,True
led,lead,True
led,let,True
left,leave,True
legislations,legislation,True
lend,lent,True
less,least,True
less,loss,True
lesson's,lessons,True
lest,least,True
let,late,True
let,lead,True
let,led,True
let,left,True
let,let's,True
let,letting,True
lets,let's,True
letting,leaving,True
levelled,leveled,True
license,licence,True
lick,like,True
lie,live,True
lied,lay,True
life,live,True
life,lives,True
life,living,True
lift,left,True
light,lit,True
lighted,lighter,True
lighted,lit,True
lighten,lit,True
lightened,lit,True
lighting,lightning,True
like,liked,True
like,likes,True
liked,like,True
likes,like,True
likes,liked,True
likings,liking,True
lire,like,True
listen,listening,True
listened,listen,True
listening,listen,True
listening,to listen,True
listening,to listen to,True
lit,list,True
little,small,True
live,leave,True
live,life,True
live,lives,True
live,living,True
live,love,True
lived,live,True
lived,lives,True
lived,living,True
lives,living,True
living,leaving,True
load,loud,True
local,locality,True
locates,is located in the,True
locating,located,True
lodge,lodged,True
lodgement,lodgment,True
long,longing,True
long,wrong,True
look,lokking,True
look,looked,True
look,looks,True
looked,look,True
looking,looking at,True
looks,lokked,True
looks,looked,True
loose,lose,True
loosed,lost,True
looser,loser,True
looses,loses,True
loosing,losing,True
lose,loose,True
lose,lost,True
losing,loss of,True
loss,lose,True
loss,losing,True
loss,lost,True
lost,lose,True
lost,loss,True
lot,a lot,True
lot's,lots,True
lots,lost,True
loudspeakers,loud-speakers,True
lough,laugh,True
lovable,loved,True
love,loved,True
loved,love,True
loves,love,True
low,law,True
luck,lucky,True
lucks,luck,True
lucky,luck,True
lucky,luckily,True
luggages,luggage,True
lunch,lunches,True
lynched,launched,True
m,nature,True
ma,my,True
machine,machines,True
machine,mechanism,True
machineries,machinery,True
machinery,machine,True
mack,make,True
made,mad,True
made,make,True
maid,made,True
mail,main,True
main,man,True
main-groups,main groups,True
maintain,maintained,True
major,mayor,True
make,amde,True
make,get,True
make,made,True
make,makes,True
make,making,True
make-ups,make-up,True
makes,made,True
man,men,True
man-make,man-made,True
managed,manager,True
manager,manager's,True
manged,managed,True
manger,manager,True
manner,manners,True
manners,manner,True
mannish,manage,True
manors,manners,True
manufacture,manufactured,True
manufacturer,manufacturing,True
manufactures,manufactured,True
manufactures,manufacturers,True
many,main,True
many,money,True
many,much,True
march,match,True
mare,mere,True
mark,brand,True
marked,market,True
market,markets,True
marriage,married,True
marvelous,marvellous,True
masochist,masochistic,True
mass,mess,True
mass-media,mass media,True
mast,must,True
match,much,True
mater,matter,True
materiel,material,True
mattes,mates,True
may,i,True
may,can,True
may,many,True
may,might,True
may,my,True
may-be,maybe,True
maybe,may be,True
maze,maize,True
me,i,True
me,micrometers,True
me,mine,True
me,my,True
me,myself,True
meal,meals,True
mean,means,True
mean,meant,True
means,mean,True
means,meant,True
measure,measures,True
measurements,measures,True
meat,meet,True
mechanic,mechanical,True
mechanic,mechanism,True
medias,media,True
meet,meat,True
meet,meeting,True
meet,met,True
meeting-places,meeting places,True
men,man,True
mend,mended,True
mental-disturb,mentally disturbed,True
meshed,messed,True
met,meet,True
mete,meet,True
meter,metre,True
meters,metres,True
mew,new,True
mid,middle,True
mid-day,midday,True
mid-night,midnight,True
mid-summer,midsummer,True
middle-age,middle-aged,True
middle-age,middle ages,True
might,may,True
millimeter,millimetre,True
mine,mind,True
mine,my,True
miner,mine,True
miner,minor,True
minute,minutes,True
minutes,minute's,True
miss,are missing,True
mistake,fault,True
mite,might,True
mocks,jokes,True
modals,models,True
mode,mood,True
modernised,modernise,True
modes,models,True
monies,money,True
month,months,True
month's,months,True
months,month,True
monument,monuments,True
moon,mood,True
more,most,True
morning,mourning,True
most,more,True
mostly,most,True
mother's,mothers,True
mother-country,mother country,True
mothers,mother's,True
mothers,mothers',True
mountain,the mountains,True
mouths,months,True
move,moved,True
moves,moons,True
moves,move,True
movie,movies,True
mu,mist,True
much,many,True
much,must,True
multicolour,multicoloured,True
murder,murderer,True
murder,murderers,True
murder,murders,True
murders,murderers,True
mus,must,True
museum,museums,True
museum's,museums,True
music,musical,True
musical,music,True
musics,music,True
must,would,True
mustaches,moustache,True
my,i,True
my,by,True
my,many,True
my,me,True
my,mine,True
my-self,myself,True
n,moon,True
nations,nation,True
naught,nought,True
near,nearly,True
nearby,near to,True
need,need,True
need,needed,True
need,needs,True
needed,need,True
needles,needless,True
needs,need,True
needs,needed,True
neighbor,neighbour,True
neighborhood,neighbourhood,True
neighbour,neighbouring,True
neighbour,neighbours,True
neighbour,neighbours',True
neither,either,True
neither,nor,True
never,ever,True
never-the-less,nevertheless,True
new,knew,True
new-year's,new year's,True
newer,never,True
newly,new,True
newspaper,newspapers,True
nice,nicely,True
nicely,nice,True
nickle,nickel,True
night,night's,True
night-clubs,nightclubs,True
night-mare,nightmare,True
nine,nines,True
nineteen,nineteenth,True
nit,knit,True
no,know,True
no,not,True
no,now,True
no-violence,non-violence,True
nob-carries,knobkerries,True
non,none,True
non,not,True
non-affected,unaffected,True
non-employment,unemployment,True
non-sense,nonsense,True
non-smoker,non-smoking,True
none,no,True
noon,no one,True
nor,or,True
normal,normally,True
north,northern,True
north's,north,True
nos,most,True
nose,noise,True
not,didn't,True
not,do not,True
not,no,True
not,note,True
notably,notable,True
note,not,True
nothing,anything,True
notice,noticed,True
noticed,notice,True
notices,notice,True
novelist,novelists,True
now,know,True
now,no,True
now-a-days,nowadays,True
noway,no way,True
numbers,number,True
nursed,nurses,True
nursers,nurses,True
o,accordingly,True
o,importance,True
obi,observe,True
obsolete,obselete,True
obtain,obtained,True
obviously,obvious,True
occur,occurring,True
occurring,occurrence,True
odors,odours,True
of,from,True
of,have,True
of,having,True
of,of course,True
of,off,True
of,on,True
of,or,True
of,our,True
off,of,True
offer,half a,True
offer,offers,True
offered,offer,True
offers,offer,True
officer-in-charge,officer in charge,True
oil-income,oil income,True
old,whole,True
oldest,eldest,True
on,about,True
on,at,True
on,in,True
on,into,True
on,no,True
on,of,True
on,one,True
once,was,True
one,once,True
one,one's,True
one,ones,True
one,some,True
one's,once,True
one's,ones,True
one-eight,one-eighth,True
ones,one,True
ones,one's,True
ons,on,True
onto,into,True
onward,onwards,True
opened,open,True
opening-hours,opening hours,True
opp,open,True
opportunity's,opportunities,True
opposing,opposite,True
or,for,True
or,of,True
or,our,True
orbiting,orbitting,True
orders,order,True
organised,organise,True
organism,organisms,True
other,another,True
other,order,True
other,other's,True
other,others,True
other's,others',True
others,other,True
otter,other,True
our,hours,True
our,or,True
our,ours,True
our,us,True
our,we,True
our-selves,ourselves,True
ours,hours,True
ourself,ourselves,True
ourself,ouselves,True
ourselves,us,True
out,about,True
out,our,True
out-break,outbreak,True
out-going,outgoing,True
out-lets,outlets,True
out-side,outside,True
outcomes,outcome,True
outsides,outside,True
over,of,True
over,other,True
over-aged,over-aged,True
over-cast,overcast,True
over-seas,overseas,True
overall,overalls,True
overboard,abroad,True
own,owned,True
owned,own,True
p,body,True
p,breaking,True
p,but,True
pa,practical,True
pack-tour,package tour,True
paddled,pedalled,True
pail,pale,True
pain,painful,True
pained,paining,True
paint,painting,True
paints,paintings,True
panic,panicky,True
pans,panes,True
paper,pepper,True
paper,purple,True
paper-covered,paperback,True
par,pair,True
paragraphs,paragraph,True
pare,pair,True
parent,parents,True
parent's,parents,True
parents,parent's,True
parents,parents',True
part,party,True
part,patronage,True
parted,party,True
particular,particularly,True
particularly,particular,True
partners,partner's,True
parts,part,True
party,part,True
party,parties,True
party's,parties,True
party-conference,party conference,True
party-members,party members,True
pas,pass,True
pas,passport,True
pass,passed,True
pass,past,True
pass-up,pass up,True
passed,past,True
passel,parcel,True
passengers,passenger,True
passing-passers,passing the parcel,True
past,pass,True
past,passed,True
pasted,passed,True
paster,pastor,True
pasture,pastor,True
patience,patient,True
patiences,patients,True
patient,patients,True
patients,patient's,True
patterns-life,ways of life,True
pay,paid,True
payed,paid,True
paying,to pay,True
payment,payments,True
peace,peaceful,True
peaces,pieces,True
pear,pair,True
peas,peace,True
peck,beg,True
peg,beg,True
pence,penny,True
peninsular,peninsula,True
people,people's,True
people,person,True
people's,people,True
peoples,people,True
peoples,people's,True
percent,per cent,True
perfect,perfectly,True
person,persons,True
personal,personally,True
personal,personnel,True
personality,personalty,True
persons,people,True
persons,person,True
persons,person's,True
pharmaceutic,pharmaceutical,True
phenomena,phenomenon,True
phone,phoned,True
photo's,photos,True
photograph,photography,True
photographers,photographer's,True
pick-pockets,pickpockets,True
picking,to pick,True
pieces,pies,True
piecing,piercing,True
piking,picking,True
pined,pinned,True
place,placed,True
place,places,True
placed,places,True
places,place,True
plain,plane,True
plained,complained about,True
plains,planes,True
plan,plain,True
plane,plain,True
planed,planned,True
planing,planning,True
plants,plans,True
play,played,True
play,player,True
play,was playing,True
pleasant,pleased,True
please,pleased,True
pleasure,pleased,True
pleasure,pleasurable,True
plough,plow,True
ploughing,plowing,True
pluck,pick,True
po,people,True
pocket,packet,True
points,poems,True
poisoner's,poisonous,True
poisoning,poisoned,True
poisoning,poisonous,True
police-stations,police stations,True
policy,police,True
polish,pole,True
polish,police,True
polishes,polishers,True
pollinations,pollution,True
pollutions,pollution,True
polo-bears,polar bears,True
pond,pound,True
popular,popularity,True
posses,possess,True
possibilities,possibility,True
possibly,possible,True
post-cards,postcards,True
postwar,post-war,True
potential,potentially,True
pound,pounds,True
pour,poor,True
pours,poured,True
practicable,practically,True
practice,practise,True
practiced,practised,True
practicing,practising,True
practise,practice,True
practises,practices,True
prat,practices,True
prayed,pray,True
prayed,sprayed,True
prays,praise,True
pre-requisite,prerequisite,True
precise,precisely,True
predicable,predictable,True
preferable,preference,True
premise,premises,True
prepare,prepared,True
prepared,preparing,True
preposition,proposition,True
presented,present,True
presents,present,True
pretty,very,True
prevailed,prevails,True
prevent,prevented,True
prevent,prevents,True
preventative,preventive,True
prevented,prevent,True
prevention,preventative,True
preventions,prevention,True
preventive,preventative,True
prices,prizes,True
prickled,pricked,True
principal,principal's,True
principals,principles,True
principle,principal,True
priority,priorities,True
prise,price,True
prise,prize,True
prisoned,imprisoned,True
prize,price,True
probabilities,probability,True
probable,probably,True
problem,problems,True
problems,problem,True
process,possesses,True
producing,production,True
product,products,True
production-fault,production fault,True
productions,production,True
products,product,True
program,programme,True
program,programmed,True
programmes,programs,True
programs,programmes,True
progress,progresses,True
prolonged,prolong,True
promise,promises,True
promised,promise,True
prop,probability,True
proper,prosper,True
properly,probably,True
prophecy,prophesy,True
prophesy,prophecy,True
proportion,proportions,True
propositions,proposals,True
prospect,prospects,True
protest,protested,True
proud,pride,True
provably,probably,True
prove,prone,True
proved,proving,True
proves,prooves,True
provide,provides,True
provided,provides,True
provides,provide,True
provides,provided,True
pub,pubs,True
pump,bump,True
pumps,prompts,True
punch,puncture,True
punish,be punished,True
punish,punished,True
punish,punishes,True
punish,punishing,True
punish,punishment,True
punished,punish,True
punishment,punishment,True
punishment,punishments,True
punishments,punishment,True
pupil's,pupils',True
purchases,purchase,True
purpose,purple,True
purpose,purposes,True
pursuit,pursuits,True
push,pushed,True
pussycat,pussy-cat,True
put,but,True
put,pushed,True
putting,put,True
puzzle,parcel,True
puzzles,parcels,True
pyjama,pyjamas,True
qualifies,qualified,True
quality,qualities,True
quarreling,quarrelling,True
question,questions,True
quick,quickly,True
quiet,quite,True
quietness,quiet,True
quit,quiet,True
quit,quite,True
quite,quiet,True
quite-impossible,quite impossible,True
quitted,quit,True
raced,raised,True
radio's,radios,True
radio-cassette,radio-cassette's,True
radio-manufacturer,radio manufacturer,True
radios,radio,True
radius,radius,True
rain,rained,True
rain,reign,True
rains,rained,True
raison,reason,True
ran,rang,True
ran,run,True
rang,ring,True
ranged,rang,True
rank,ranked,True
rap,radical,True
raps,rape,True
raw-material,raw material,True
re,rises,True
re-wind,rewind,True
reach,reached,True
reached,reaches,True
reaches,reach,True
reaches,riches,True
real,really,True
real-income,real income,True
realise,realised,True
realised,realise,True
realize,realized,True
realizes,realized,True
really,real,True
reaped,reaps,True
reasonable,reasonably,True
reasons,reason,True
receive,receiver,True
receive,receives,True
receive,receiving,True
received,receives,True
received,will receive,True
recognises,recognise,True
recommend,recommended,True
recon,reckon,True
record,recorded,True
record,recorder,True
recorder,recorders,True
recorders,recorder's,True
red,read,True
red-ribbon,red ribbon,True
reduce,be reduced,True
reduce,reduced,True
reduce,reduction,True
reed,read,True
reeding,reading,True
reel,real,True
reentered,reintroduced,True
reflect,reflects,True
refugee,refugees,True
refused,refuse,True
reg,rejoined,True
rel,reality,True
relation,relationship,True
relative,relatively,True
relatives,relatives',True
relaying,relying,True
release,released,True
released,realised,True
relief,relieved,True
religions,delicious,True
remained,remain,True
remember,remembered,True
remembered,remember,True
remind,reminds,True
rentals,rental,True
reoccur,recur,True
reopens,reopened,True
reorder,recorder,True
repair,repaired,True
repaired,repair,True
repairing,repair,True
replay,reply,True
reply,replied,True
represent,representative,True
represent,representing,True
represent,represents,True
represented,represent,True
requested,request,True
require,required,True
res,reasonable,True
res,reasons,True
reseat,receipt,True
resent,recent,True
residency,residence,True
resident,residence,True
resin,resting,True
respectful,respected,True
respective,respectable,True
respond,responsible,True
rest,rests,True
restaurant,restaurants,True
restrict,restricted,True
result,results,True
resulting,results,True
results,result,True
return,returned,True
return,returning,True
return,returns,True
returned,return,True
reveled,revealed,True
reviewer,review,True
revolutionised,revolutionized,True
rice,rise,True
rich,reach,True
rid,ride,True
ridding,riding,True
riding,reading,True
riffle,rifle,True
ring,rang,True
rings,rang,True
risk,risks,True
rites,rights,True
rive,drive,True
road,rod,True
roared,roars,True
robber,robbery,True
robbery,robbers,True
robe,rob,True
robing,robbing,True
rocking-horse,rocking horse,True
roll,role,True
roller-skate,roller-skating,True
rood,rude,True
rot,rod,True
rubber,robber,True
rube,rub,True
rule,ruled,True
rummer,rumour,True
rumors,rumours,True
run,ran,True
run,running,True
run,runs,True
runaway,ran away,True
rung,rang,True
runs,ran,True
sad,said,True
sadness,saddest,True
safety,safe,True
safety,safety's,True
said,say,True
sail,sell,True
sailor,sailors',True
sale,sell,True
sales,sells,True
sallow,shallow,True
salted,salt,True
same,some,True
same,summer,True
sang,sung,True
sat,sad,True
sat,set,True
sat,sit,True
sat,sitting,True
sat,were sitting,True
sate,sat,True
satisfactory,satisfactorily,True
satisfied,satisfying,True
save,safe,True
save,serve,True
saved,served,True
saver,safer,True
saving,saved,True
saving,savings,True
saw,had seen,True
saw,see,True
saw,seen,True
say,said,True
says,said,True
says,say,True
scares,scarce,True
sceneries,scenery,True
scenes,scene,True
school,schools,True
school's,school,True
school's,schools',True
school-friend,schoolfriend,True
school-garden,school garden,True
schoolchildren,school children,True
schools,school's,True
schools,schools',True
scientist,scientists,True
scolded,scold,True
scolds,scolded,True
sea-side,seaside,True
seam,seem,True
seamed,seemed,True
search,searched,True
seat,sat,True
seat,seats,True
seat,sit,True
seat-belts,seat belt,True
seatbelt,seat belt,True
seatbelts,seat belts,True
seated,sat,True
seating,sitting,True
seats,seat,True
secret,secrets,True
secreted,secrets,True
section,sections,True
secure,security,True
see,saw,True
see,sea,True
see,seeing,True
seeing,seen,True
seem,seemed,True
seem,seems,True
seemed,seems,True
seems,seem,True
seems,seemed,True
seen,saw,True
seen,scene,True
seen,see,True
seen,seeing,True
sees,seas,True
self-defense,self-defence,True
sell,sells,True
sell,sold,True
sell-department,sales department,True
sells,sell,True
send,am sending,True
send,sent,True
sent,am sending,True
sent,send,True
sentence,sentencing,True
series,serious,True
serious,seriously,True
seriously,serious,True
serve,served,True
set,sat,True
set,seat,True
set,sent,True
set,sit,True
set,sitting,True
set-back,setback,True
sets,sits,True
setted,set,True
settle,settled,True
seventeen,seventeenth,True
sever,severe,True
severe,severely,True
sew,sue,True
sexy-buffalo,sexy buffalo,True
shack,shake,True
shacking,shaking,True
shadow,shadowy,True
shake,shakes,True
shake,shook,True
shall,should,True
shamed,ashamed,True
shat,chatted,True
she,her,True
shear,share,True
sheep,cheap,True
shell,shall,True
shined,shone,True
shinning,shining,True
shinny,shiny,True
ship,ship's,True
shit,shut,True
shoos,shoes,True
shop,chop,True
shop,shops,True
shop-keeper,shopkeeper,True
shopkeeper,shopkeeper's,True
shopping-street,shopping street,True
shore,share,True
shore,show,True
shore,sure,True
short,brief,True
short-break,short break,True
should,are,True
should,shall,True
should,would,True
shouted,shout,True
show,should,True
show,showed,True
show,shows,True
showed,shown,True
shown,show,True
shown,showed,True
shown,showing,True
shrilling,thrilling,True
shut,shoot,True
shut,shout,True
shut,shuts,True
sickness,sick,True
sight,sign,True
sight-seeing,sightseeing,True
sight-seeing,sightseeing visits,True
sight-seeings,sights,True
sight-seeings,sightseeing,True
sightseeing-tour,sightseeing tour,True
sign,sigh,True
sign,signed,True
signaled,signalled,True
silence,silent,True
silent,silence,True
silently,silent,True
sill,still,True
similar,simular,True
simple,simply,True
since,for,True
since,from,True
sinfonia,symphony,True
sing,sang,True
sing,sung,True
sings,sang,True
sister's,sister,True
sit,sat,True
sit,seat,True
sit,seats,True
sit,sitting,True
sited,seated,True
sits,sat,True
sits,seats,True
sitting,sat,True
sitting,to sit,True
situating,situation,True
situation,situations,True
situations,situation,True
sixty,six,True
ski,skis,True
ski-going,skiing,True
skirt,shirt,True
sleep,slept,True
sleeping,sleeper,True
sleeping,to sleep,True
slept,sleep,True
slept,swept,True
slow,slowly,True
slower,slowly,True
slowing,slowly,True
smalls,small,True
smart,smartly,True
smelly,smelling,True
smiles,smiled,True
smock,smoke,True
smocked,smoked,True
smoke,smoked,True
smoke,smoking,True
smokes,smoked,True
snickering,sniggering,True
so,saw,True
so,such,True
social-economical,socio-economical,True
softy,safety,True
sold,solved,True
sole,sold,True
solve,solved,True
some,same,True
some,sum,True
some-one,someone,True
some-times,sometimes,True
somebodies,somebody's,True
someday,some day,True
someday,some days,True
someone,one,True
someone's,someone,True
something,anything,True
somethings,something,True
sometime,some time,True
sometime,sometimes,True
sometimes,some time,True
sometimes,some times,True
son,soon,True
song,songs,True
sons,son's,True
sooner,soon,True
sort,short,True
sort,sorts,True
sorted,sort,True
sou,so,True
sought,sort,True
sound,sounded,True
sounds,sound,True
sounds,sounded,True
south,southern,True
sow,saw,True
sowed,sewed,True
soy,sauce,True
speak,peaking,True
speak,speech,True
spear,spare,True
speared,spared,True
spears,spares,True
special,especially,True
special,specialize,True
specially,especially,True
speck,speak,True
spend,spent,True
spending,spend,True
spent,spend,True
spent,spending,True
spent,spent,True
spices,species,True
split,spill,True
split,splits,True
spoiled,spilled,True
spoiled,spoil,True
spoke,speak,True
sport,sporting,True
sport,sports,True
sporting,sport,True
sports,sport,True
sports-arena,sports arena,True
sprang,sprained,True
spreadeagled,spread-eagled,True
spreed,spread,True
sprung,sprang,True
squared,square,True
st,scientific,True
stablish,establish,True
staffs,staff,True
stake,steak,True
stale,stole,True
stalk,steak,True
stamped,stampede,True
stand,stood,True
standards,standard,True
star,stars,True
stared,starred,True
starring,staring,True
start,started,True
start-off,started off,True
started-off,started off,True
starting,started,True
starts,start,True
starts,started,True
stated,started,True
stationary,stationery,True
stationery,stationary,True
stations,station's,True
stats,states,True
statue,stature,True
status,statues,True
stay,stays,True
stay,were staying,True
stayed,stay,True
staying,stay,True
steal,rob,True
steals,steal,True
steel,steal,True
steeling,stealing,True
steels,steals,True
stem,steam,True
step,stepped,True
step-father,stepfather,True
stepped,to step,True
stewardess,stewardesses,True
still,stay,True
stilled,still,True
stinks,stink,True
stole,steal,True
stolen,stealing,True
stool,stole,True
stop,stopped,True
stopped,stop,True
store,stores,True
storey,story,True
story,history,True
story,stories,True
strait,straight,True
strangely,strange,True
stranger,strange,True
straw-berries,strawberries,True
street,streets,True
strenuous,strenous,True
strict,stricter,True
strict,strictly,True
stricter,more strictly,True
stricter,strict,True
strictly,strict,True
strictly,stricter,True
strike,struck,True
stripped-ribbons,striped ribbons,True
stroked,struck,True
struggle,struggles,True
studies,study,True
study,studies,True
study,studying,True
study,was studying,True
stuff,staff,True
stuffs,staff,True
stuffs,stiffs,True
stylist,stylish,True
sub-let,sublet,True
subsidiary,subsidiaries,True
substitution,substitute,True
subtracted,extracted,True
suffer,suffers,True
suffered,suffer,True
suffered,suffering,True
suggested,suggested to,True
suicidal,suicidally,True
suit,suits,True
suit-cases,suitcases,True
suite,suitable,True
suits,suit,True
sulfur,sulphur,True
sum,some,True
summer's,summer,True
summer-holiday,summer holiday,True
summing,summoning,True
sun,son,True
sun,sun's,True
sun-bathe,sunbathe,True
sun-rise,sunrise,True
sun-set,sunset,True
sung,sang,True
suns,sons,True
sunshine-state,sunshine state,True
super,supper,True
super-markets,supermarkets,True
supple,supply,True
supply,supplies,True
support,supports,True
suppose,supposed,True
surly,surely,True
surplus,supplier's,True
surrounding,surroundings,True
survey,survives,True
swallow,shallow,True
swap,swamp,True
swear,swore,True
sweetie,sweet,True
swim,swam,True
switched-off,switched off,True
swooping,swapping,True
symphonic,symphony,True
symptom,symptoms,True
table,tables,True
tables,tablets,True
tack,taken,True
tail,tale,True
take,be taken,True
take,table,True
take,taken,True
take,taking,True
take,talk,True
take,took,True
take-off,take off,True
taken,taking,True
taken,to take,True
taken,took,True
taker,talked,True
takes,take,True
takes,took,True
takes,will take,True
taking,taken,True
taking,talking,True
talk,take,True
talk,talked,True
talk,talking,True
talked,talk,True
tank,thank,True
tanked,thanked,True
tanking,taking,True
tape-recorder,tape-recorders,True
tasks,task,True
taste,tasty,True
taught,thought,True
taxies,taxis,True
teach,teacher,True
teacher,teacher's,True
teacher,teachers,True
teachers,teacher's,True
teachers,teachers',True
tear,torn,True
tee,tea,True
teem,team,True
tel,telephone,True
television's,television,True
tell,tells,True
tell,told,True
temped,tempered,True
temper,temperature,True
temperate,temperature,True
temporally,temporary,True
temporary,temporarily,True
tends,tend,True
tens,ten,True
tension,tense,True
term,termed,True
term,terms,True
terrify,terrifying,True
than,thank,True
than,that,True
than,that an,True
than,then,True
thank,thanked,True
thank,thanks,True
thank-you,thank you,True
thank-your,thank you,True
thanked,thank,True
thanks,thank,True
thanks,thanked,True
that,than,True
that,that's,True
that,the,True
that,then,True
that,there,True
that,these,True
that,this,True
that,those,True
that,who,True
that's,that,True
that's,that it is,True
the,that,True
the,their,True
the,them,True
the,then,True
the,there,True
the,these,True
the,they,True
the,they're,True
the,this,True
the,to,True
the,who,True
theater,theatres,True
thee,tea,True
thees,these,True
theft,thefts,True
thefts,thieves,True
their,his,True
their,the,True
their,there,True
their,they,True
their,they're,True
theirs,their,True
them,it,True
them,the,True
them,those,True
theme,them,True
then,than,True
then,them,True
then,they,True
there,it,True
there,the,True
there,their,True
there,therefore,True
there,they,True
there,they're,True
there's,there are,True
therefor,therefor,True
therefor,therefore,True
therefore,therefor,True
these,the,True
these,there,True
these,there's,True
these,theses,True
these,this,True
these,those,True
they,he,True
they,the,True
they,their,True
they,them,True
they,there,True
they,those,True
thick,think,True
thicket,ticket,True
thigh,tight,True
thing,things,True
thing,think,True
things,thing,True
think,thing,True
think,thought,True
thinks,things,True
thinks,think,True
third-class,third-rate,True
thirsts,thirst,True
thirteen,thirteenth,True
this,that,True
this,the,True
this,these,True
this,things,True
tho,through,True
those,that,True
those,these,True
though,thought,True
though,through,True
thought,taught,True
thought,think,True
thought,though,True
thought,thoughts,True
thought,through,True
thousand,thousands,True
thousands,thousand,True
threat,treat,True
three,three,True
three,tree,True
three-quarter,three-quarters,True
threes,trees,True
threw,through,True
through,threw,True
through,throw,True
through,true,True
throughout,through,True
throw,threw,True
throw,through,True
thrown,threw,True
throws,throwing,True
ticked,ticket,True
tickling,ticking,True
tidy,tidily,True
tie,item,True
tie,the,True
tied,tired,True
tiered,tired,True
tight,light,True
tight,tied,True
til,till,True
till,still,True
till,to,True
tills,tells,True
time,times,True
times,time,True
tin,thin,True
tine,time,True
tings,things,True
tire,tired,True
tire,tyre,True
tired,tarred,True
tired,tiring,True
tired,tried,True
tittle,titles,True
tittles,titles,True
to,do,True
to,into,True
to,that,True
to,the,True
to,too,True
to,two,True
to-morrow,tomorrow,True
to-welcome,of welcoming,True
toasts,toast,True
today,today's,True
toilette,toilet,True
toilettes,toilets,True
toking,talking,True
told,tell,True
tolled,told,True
too,to,True
too,took,True
took,take,True
took,taken,True
torn,tone,True
touched,torch,True
tough,thought,True
tourist,tourists,True
tourist's,tourist,True
tow,to,True
toward,towards,True
town,towns,True
towns-people,townspeople,True
tradition,traditions,True
traffics,traffic,True
train,training,True
train,trains,True
tranquility,tranquillity,True
tranquillity,tranquility,True
transport,transported,True
transportations,transportation,True
travel,travelled,True
travel-agency,travel agency,True
traveled,travelled,True
traveling,travelling,True
travels,travelling,True
tread,treated,True
treas,trees.,True
treatments,treatment,True
tree,three,True
tried,tired,True
tried,try,True
tried,was trying,True
trier,try,True
tries,tried,True
tries,try,True
triplicated,tripled,True
trolling,trawling,True
trouble,troubled,True
troubles,trouble,True
trough,through,True
trunks,trunk,True
try,tried,True
tu,the,True
turn,turned,True
turn,turns,True
turned,turn,True
turned,turning,True
turned-up,turned up,True
twenty-minutes,twenty minutes,True
twenty-years-prison,twenty years in prison,True
twinkled,twinkling,True
twitting,twittering,True
two's,twos,True
type,tape,True
type,types,True
types,type,True
tyre,type,True
ugliest,uglier,True
uncivilised,uncivilized,True
uncle,uncle's,True
uncleaned,unclean,True
unclear,unclean,True
understand,understood,True
understandable,understood,True
understood,understand,True
unemployment,unemployed,True
unequaled,unequalled,True
unequalled,unequaled,True
unfair,unfairly,True
unfunded,unfounded,True
uniform,uniforms,True
unite,unit,True
unlucky,unluckily,True
unmistakeable,unmistakable,True
unpackaged,unpacked,True
unsatisfied,dissatisfied,True
unset,upset,True
untie,auntie,True
unusually,unusual,True
unwillingly,unwilling,True
up-side-down,upside-down,True
urgent,urgently,True
us,as,True
us,ours,True
us,them,True
use,be used,True
use,us,True
use,used,True
use,uses,True
used,use,True
usefulness,usefullness,True
uses,use,True
uses,used,True
using-instruction,instructions for use,True
usu,usable,True
usual,usually,True
usually,usual,True
utilisation,use,True
utilise,utilize,True
uttermost,utmost,True
valid,validity,True
varies,various,True
varies,vary,True
vector,vector,True
vehicles,vehicules,True
vein,vain,True
velvets,velvet,True
vice,voice,True
view,few,True
views,view,True
village,villages,True
villager,village,True
villager's,villagers',True
villagers,villages,True
villages,villagers,True
vine,wine,True
violet,violent,True
vise,vice,True
visit,visited,True
visit,visits,True
visitants,visitors,True
visited,visit,True
visited,visiting,True
visiting,visit,True
visitor,visitors,True
voice,voices,True
vomit,vomitted,True
vomits,vomiting,True
w,vehicals,True
wagon,carriage,True
waist,waste,True
wait,await,True
wait,waited,True
wait,waiting,True
wake,woke,True
wake,work,True
wake-up,woke up,True
walk,walked,True
walk,walks,True
walked,walk,True
walks,walk,True
walks,walked,True
wall-clock,clock on the wall,True
wally,valley,True
wand,want,True
wander,wonder,True
wandered,wondered,True
want,wanted,True
want,wants,True
want,went,True
want,what,True
want,won't,True
wanted,want,True
wanted,wondered,True
wants,want,True
wants,wanted,True
war,wear,True
ward,war,True
wards,words,True
ware,wore,True
warring,worrying,True
wart,worst,True
was,had,True
was,had been,True
was,has,True
was,is,True
was,washed,True
was,were,True
was,would be,True
wast,vast,True
wast,was,True
wast,waste,True
wastage,waste,True
waste,wastes,True
waster,faster,True
watched,watch,True
water-supply,water supply,True
waving,waves,True
wax-gun,wax gun,True
way,where,True
way,why,True
ways,way,True
we,i,True
we,me,True
we,us,True
we,were,True
we,when,True
we'll,we,True
we'll,we'd,True
we'll,will,True
we've,we'd,True
weak,week,True
wealth,wealthy,True
wealthy-ones,wealthy ones,True
wear,were,True
wear,where,True
wear,wore,True
weather,water,True
weather,whether,True
wedding's,wedding,True
week,week's,True
week,weeks,True
week-end,weekend,True
week-ends,weekend,True
week-ends,weekends,True
weeks,week,True
weeks,week's,True
weigh,weight,True
weight,weighed,True
welcomed,welcome,True
well,good,True
well,we'll,True
well,were,True
well,while,True
well-decorated,well decorated,True
well-designed,well designed,True
went,came,True
went,go,True
went,gone,True
went,had gone,True
went,want,True
went,when,True
went,will go,True
were,are,True
were,do,True
were,had,True
were,has been,True
were,was,True
were,we,True
were,where,True
were,whereby,True
were,will,True
west,waist,True
whale,whole,True
what,that,True
what,want,True
what,which,True
what's,what,True
whats,what's,True
when,went,True
where,we're,True
where,were,True
where,when,True
where,where,True
where,which,True
whether,weather,True
which,watch,True
which,who,True
which,wish,True
which,with,True
while,why,True
whiles,whilst,True
whiskey,whisky,True
whispered,whisper,True
whit,with,True
who,how,True
who,which,True
who,whom,True
who's,who've,True
who's,whose,True
whom,who,True
why,what,True
wide,wild,True
widen,widened,True
widow,window,True
wildly,wild,True
wile,while,True
wile,wine,True
will,can,True
will,would,True
willingly,willing,True
winded,wound,True
winds,wind,True
wining,winning,True
wintry,wintery,True
wisely,unwisely,True
wish,wished,True
wishing,washing,True
wit,with,True
witch,which,True
with,without,True
withe,with,True
withing,within,True
woke,walk,True
woke,woken,True
wold,world,True
wold,would,True
wolf,wolves,True
woman,woman's,True
woman,women,True
women,woman,True
won't,didn't,True
won't,want,True
won't,wouldn't,True
wonder,wander,True
wondered,wandered,True
wonderful,wonderfully,True
wont,go,True
wont,want,True
wont,went,True
wont,won't,True
wood,wooden,True
wood,word,True
wood,would,True
wool,woollen,True
wool,wound,True
wools,wounds,True
word,world,True
words,word,True
wore,worn,True
work,wake,True
work,worked,True
work,working,True
work,works,True
worked,work,True
worker,workers,True
worker's,workers',True
working,work,True
working-class,working class,True
works,work,True
world,world's,True
worn,won,True
worried,worry,True
worried,worrying,True
worse,worst,True
worshiped,worshipped,True
worshipping,worshiping,True
worst,worse,True
worst,worth,True
worth,worse,True
would,will,True
would,world,True
would,wouldn't,True
wounder,wonder,True
wrapped,unwrapped,True
wright,right,True
wright,write,True
write,am writing,True
write,right,True
write,writing,True
write,written,True
write,wrote,True
writing,to write,True
wrongness,fault,True
wrongs,wrong,True
x-strays,x-rays,True
year,year's,True
year,years,True
year's,ears',True
years,year,True
years,year's,True
years,years',True
yeas,years,True
yeas,yes,True
yo,you,True
yore,your,True
you,you're,True
you,your,True
you'd,you'll,True
you'd,you have,True
you'll,you,True
you're,your,True
you've,you,True
younger,young,True
youngest,younger,True
your,you,True
your,you're,True
your,yours,True
your-self,yourself,True
yours,hours,True
yours,you,True
yours,your,True
yourself,oneself,True
yourself,yourselves,True
yous,yours,True
youth,youths,True
